[
  [
    [
      [
        [
          [
            [
              [
                [
                  [
                    [
                      [
                        [
                          [
                            [
                              [
                                [
                                  [
                                    [
                                      [
                                        [
                                          [
                                            [
                                              [
                                                [
                                                  [
                                                    [
                                                      [
                                                        [
                                                          [
                                                            [
                                                              [
                                                                [
                                                                  [
                                                                    [
                                                                      [
                                                                        [
                                                                          [
                                                                            [
                                                                              [
                                                                                [
                                                                                  [
                                                                                    [
                                                                                      [
                                                                                        [
                                                                                          [
                                                                                            [
                                                                                              [
                                                                                                [
                                                                                                  [
                                                                                                    [
                                                                                                      [
                                                                                                        [
                                                                                                          [
                                                                                                            [
                                                                                                              [
                                                                                                                [
                                                                                                                  [
                                                                                                                    [
                                                                                                                      [
                                                                                                                        [
                                                                                                                          [
                                                                                                                            [
                                                                                                                              [
                                                                                                                                [
                                                                                                                                  [
                                                                                                                                    [
                                                                                                                                      [
                                                                                                                                        [
                                                                                                                                          [
                                                                                                                                            [
                                                                                                                                              [
                                                                                                                                                [
                                                                                                                                                  [
                                                                                                                                                    [
                                                                                                                                                      [
                                                                                                                                                        [
                                                                                                                                                          [
                                                                                                                                                            [
                                                                                                                                                              [
                                                                                                                                                                [
                                                                                                                                                                  [
                                                                                                                                                                    [
                                                                                                                                                                      [
                                                                                                                                                                        [
                                                                                                                                                                          [
                                                                                                                                                                            [
                                                                                                                                                                              [
                                                                                                                                                                                [
                                                                                                                                                                                  [
                                                                                                                                                                                    [
                                                                                                                                                                                      [
                                                                                                                                                                                        [
                                                                                                                                                                                          [
                                                                                                                                                                                            [
                                                                                                                                                                                              [
                                                                                                                                                                                                [
                                                                                                                                                                                                  [
                                                                                                                                                                                                    [
                                                                                                                                                                                                      [
                                                                                                                                                                                                        [
                                                                                                                                                                                                          [
                                                                                                                                                                                                            [
                                                                                                                                                                                                              [
                                                                                                                                                                                                                [
                                                                                                                                                                                                                  [
                                                                                                                                                                                                                    [
                                                                                                                                                                                                                      [
                                                                                                                                                                                                                        [
                                                                                                                                                                                                                          [
                                                                                                                                                                                                                            [
                                                                                                                                                                                                                              [
                                                                                                                                                                                                                                [
                                                                                                                                                                                                                                  [
                                                                                                                                                                                                                                    [
                                                                                                                                                                                                                                      [
                                                                                                                                                                                                                                        [
                                                                                                                                                                                                                                          [
                                                                                                                                                                                                                                            [
                                                                                                                                                                                                                                              [
                                                                                                                                                                                                                                                [
                                                                                                                                                                                                                                                  [
                                                                                                                                                                                                                                                    [
                                                                                                                                                                                                                                                      [
                                                                                                                                                                                                                                                        [
                                                                                                                                                                                                                                                          [
                                                                                                                                                                                                                                                            [
                                                                                                                                                                                                                                                              [
                                                                                                                                                                                                                                                                [
                                                                                                                                                                                                                                                                  [
                                                                                                                                                                                                                                                                    [
                                                                                                                                                                                                                                                                      [
                                                                                                                                                                                                                                                                        [
                                                                                                                                                                                                                                                                          [
                                                                                                                                                                                                                                                                            [
                                                                                                                                                                                                                                                                              [
                                                                                                                                                                                                                                                                                [
                                                                                                                                                                                                                                                                                  [
                                                                                                                                                                                                                                                                                    [
                                                                                                                                                                                                                                                                                      [
                                                                                                                                                                                                                                                                                        [
                                                                                                                                                                                                                                                                                          [
                                                                                                                                                                                                                                                                                            [
                                                                                                                                                                                                                                                                                              [
                                                                                                                                                                                                                                                                                                [
                                                                                                                                                                                                                                                                                                  [
                                                                                                                                                                                                                                                                                                    [
                                                                                                                                                                                                                                                                                                      [
                                                                                                                                                                                                                                                                                                        [
                                                                                                                                                                                                                                                                                                          [
                                                                                                                                                                                                                                                                                                            [
                                                                                                                                                                                                                                                                                                              [
                                                                                                                                                                                                                                                                                                                [
                                                                                                                                                                                                                                                                                                                  [
                                                                                                                                                                                                                                                                                                                    [
                                                                                                                                                                                                                                                                                                                      [
                                                                                                                                                                                                                                                                                                                        [
                                                                                                                                                                                                                                                                                                                          [
                                                                                                                                                                                                                                                                                                                            [
                                                                                                                                                                                                                                                                                                                              [
                                                                                                                                                                                                                                                                                                                                [
                                                                                                                                                                                                                                                                                                                                  [
                                                                                                                                                                                                                                                                                                                                    [
                                                                                                                                                                                                                                                                                                                                      [
                                                                                                                                                                                                                                                                                                                                        [
                                                                                                                                                                                                                                                                                                                                          [
                                                                                                                                                                                                                                                                                                                                            [
                                                                                                                                                                                                                                                                                                                                              [
                                                                                                                                                                                                                                                                                                                                                [
                                                                                                                                                                                                                                                                                                                                                  [
                                                                                                                                                                                                                                                                                                                                                    [
                                                                                                                                                                                                                                                                                                                                                      [
                                                                                                                                                                                                                                                                                                                                                        [
                                                                                                                                                                                                                                                                                                                                                          [
                                                                                                                                                                                                                                                                                                                                                            [
                                                                                                                                                                                                                                                                                                                                                              [
                                                                                                                                                                                                                                                                                                                                                                [
                                                                                                                                                                                                                                                                                                                                                                  [
                                                                                                                                                                                                                                                                                                                                                                    [
                                                                                                                                                                                                                                                                                                                                                                      [
                                                                                                                                                                                                                                                                                                                                                                        [
                                                                                                                                                                                                                                                                                                                                                                          [
                                                                                                                                                                                                                                                                                                                                                                            [
                                                                                                                                                                                                                                                                                                                                                                              [
                                                                                                                                                                                                                                                                                                                                                                                [
                                                                                                                                                                                                                                                                                                                                                                                  [
                                                                                                                                                                                                                                                                                                                                                                                    [
                                                                                                                                                                                                                                                                                                                                                                                      [
                                                                                                                                                                                                                                                                                                                                                                                        [
                                                                                                                                                                                                                                                                                                                                                                                          [
                                                                                                                                                                                                                                                                                                                                                                                            [
                                                                                                                                                                                                                                                                                                                                                                                              [
                                                                                                                                                                                                                                                                                                                                                                                                [
                                                                                                                                                                                                                                                                                                                                                                                                  [
                                                                                                                                                                                                                                                                                                                                                                                                    [
                                                                                                                                                                                                                                                                                                                                                                                                      [
                                                                                                                                                                                                                                                                                                                                                                                                        [
                                                                                                                                                                                                                                                                                                                                                                                                          [
                                                                                                                                                                                                                                                                                                                                                                                                            [
                                                                                                                                                                                                                                                                                                                                                                                                              [
                                                                                                                                                                                                                                                                                                                                                                                                                [
                                                                                                                                                                                                                                                                                                                                                                                                                  [
                                                                                                                                                                                                                                                                                                                                                                                                                    [
                                                                                                                                                                                                                                                                                                                                                                                                                      [
                                                                                                                                                                                                                                                                                                                                                                                                                        [
                                                                                                                                                                                                                                                                                                                                                                                                                          [
                                                                                                                                                                                                                                                                                                                                                                                                                            [
                                                                                                                                                                                                                                                                                                                                                                                                                              [
                                                                                                                                                                                                                                                                                                                                                                                                                                [
                                                                                                                                                                                                                                                                                                                                                                                                                                  [
                                                                                                                                                                                                                                                                                                                                                                                                                                    [
                                                                                                                                                                                                                                                                                                                                                                                                                                      [
                                                                                                                                                                                                                                                                                                                                                                                                                                        [
                                                                                                                                                                                                                                                                                                                                                                                                                                          [
                                                                                                                                                                                                                                                                                                                                                                                                                                            [
                                                                                                                                                                                                                                                                                                                                                                                                                                              [
                                                                                                                                                                                                                                                                                                                                                                                                                                                [
                                                                                                                                                                                                                                                                                                                                                                                                                                                  [
                                                                                                                                                                                                                                                                                                                                                                                                                                                    [
                                                                                                                                                                                                                                                                                                                                                                                                                                                      [
                                                                                                                                                                                                                                                                                                                                                                                                                                                        [
                                                                                                                                                                                                                                                                                                                                                                                                                                                          [
                                                                                                                                                                                                                                                                                                                                                                                                                                                            [
                                                                                                                                                                                                                                                                                                                                                                                                                                                              [
                                                                                                                                                                                                                                                                                                                                                                                                                                                                [
                                                                                                                                                                                                                                                                                                                                                                                                                                                                  [
                                                                                                                                                                                                                                                                                                                                                                                                                                                                    [
                                                                                                                                                                                                                                                                                                                                                                                                                                                                      [
                                                                                                                                                                                                                                                                                                                                                                                                                                                                        [
                                                                                                                                                                                                                                                                                                                                                                                                                                                                          [
                                                                                                                                                                                                                                                                                                                                                                                                                                                                            [
                                                                                                                                                                                                                                                                                                                                                                                                                                                                              [
                                                                                                                                                                                                                                                                                                                                                                                                                                                                                [
                                                                                                                                                                                                                                                                                                                                                                                                                                                                                  [
                                                                                                                                                                                                                                                                                                                                                                                                                                                                                    [
                                                                                                                                                                                                                                                                                                                                                                                                                                                                                      [
                                                                                                                                                                                                                                                                                                                                                                                                                                                                                        [
                                                                                                                                                                                                                                                                                                                                                                                                                                                                                          [
                                                                                                                                                                                                                                                                                                                                                                                                                                                                                            [
                                                                                                                                                                                                                                                                                                                                                                                                                                                                                              [
                                                                                                                                                                                                                                                                                                                                                                                                                                                                                                [
                                                                                                                                                                                                                                                                                                                                                                                                                                                                                                  [
                                                                                                                                                                                                                                                                                                                                                                                                                                                                                                    [
                                                                                                                                                                                                                                                                                                                                                                                                                                                                                                      [
                                                                                                                                                                                                                                                                                                                                                                                                                                                                                                        [
                                                                                                                                                                                                                                                                                                                                                                                                                                                                                                          [
                                                                                                                                                                                                                                                                                                                                                                                                                                                                                                            [
                                                                                                                                                                                                                                                                                                                                                                                                                                                                                                              [
                                                                                                                                                                                                                                                                                                                                                                                                                                                                                                                [
                                                                                                                                                                                                                                                                                                                                                                                                                                                                                                                  [
                                                                                                                                                                                                                                                                                                                                                                                                                                                                                                                    [
                                                                                                                                                                                                                                                                                                                                                                                                                                                                                                                      [
                                                                                                                                                                                                                                                                                                                                                                                                                                                                                                                        [
                                                                                                                                                                                                                                                                                                                                                                                                                                                                                                                          [
                                                                                                                                                                                                                                                                                                                                                                                                                                                                                                                            [
                                                                                                                                                                                                                                                                                                                                                                                                                                                                                                                              "x"
                                                                                                                                                                                                                                                                                                                                                                                                                                                                                                                            ]
                                                                                                                                                                                                                                                                                                                                                                                                                                                                                                                          ]
                                                                                                                                                                                                                                                                                                                                                                                                                                                                                                                        ]
                                                                                                                                                                                                                                                                                                                                                                                                                                                                                                                      ]
                                                                                                                                                                                                                                                                                                                                                                                                                                                                                                                    ]
                                                                                                                                                                                                                                                                                                                                                                                                                                                                                                                  ]
                                                                                                                                                                                                                                                                                                                                                                                                                                                                                                                ]
                                                                                                                                                                                                                                                                                                                                                                                                                                                                                                              ]
                                                                                                                                                                                                                                                                                                                                                                                                                                                                                                            ]
                                                                                                                                                                                                                                                                                                                                                                                                                                                                                                          ]
                                                                                                                                                                                                                                                                                                                                                                                                                                                                                                        ]
                                                                                                                                                                                                                                                                                                                                                                                                                                                                                                      ]
                                                                                                                                                                                                                                                                                                                                                                                                                                                                                                    ]
                                                                                                                                                                                                                                                                                                                                                                                                                                                                                                  ]
                                                                                                                                                                                                                                                                                                                                                                                                                                                                                                ]
                                                                                                                                                                                                                                                                                                                                                                                                                                                                                              ]
                                                                                                                                                                                                                                                                                                                                                                                                                                                                                            ]
                                                                                                                                                                                                                                                                                                                                                                                                                                                                                          ]
                                                                                                                                                                                                                                                                                                                                                                                                                                                                                        ]
                                                                                                                                                                                                                                                                                                                                                                                                                                                                                      ]
                                                                                                                                                                                                                                                                                                                                                                                                                                                                                    ]
                                                                                                                                                                                                                                                                                                                                                                                                                                                                                  ]
                                                                                                                                                                                                                                                                                                                                                                                                                                                                                ]
                                                                                                                                                                                                                                                                                                                                                                                                                                                                              ]
                                                                                                                                                                                                                                                                                                                                                                                                                                                                            ]
                                                                                                                                                                                                                                                                                                                                                                                                                                                                          ]
                                                                                                                                                                                                                                                                                                                                                                                                                                                                        ]
                                                                                                                                                                                                                                                                                                                                                                                                                                                                      ]
                                                                                                                                                                                                                                                                                                                                                                                                                                                                    ]
                                                                                                                                                                                                                                                                                                                                                                                                                                                                  ]
                                                                                                                                                                                                                                                                                                                                                                                                                                                                ]
                                                                                                                                                                                                                                                                                                                                                                                                                                                              ]
                                                                                                                                                                                                                                                                                                                                                                                                                                                            ]
                                                                                                                                                                                                                                                                                                                                                                                                                                                          ]
                                                                                                                                                                                                                                                                                                                                                                                                                                                        ]
                                                                                                                                                                                                                                                                                                                                                                                                                                                      ]
                                                                                                                                                                                                                                                                                                                                                                                                                                                    ]
                                                                                                                                                                                                                                                                                                                                                                                                                                                  ]
                                                                                                                                                                                                                                                                                                                                                                                                                                                ]
                                                                                                                                                                                                                                                                                                                                                                                                                                              ]
                                                                                                                                                                                                                                                                                                                                                                                                                                            ]
                                                                                                                                                                                                                                                                                                                                                                                                                                          ]
                                                                                                                                                                                                                                                                                                                                                                                                                                        ]
                                                                                                                                                                                                                                                                                                                                                                                                                                      ]
                                                                                                                                                                                                                                                                                                                                                                                                                                    ]
                                                                                                                                                                                                                                                                                                                                                                                                                                  ]
                                                                                                                                                                                                                                                                                                                                                                                                                                ]
                                                                                                                                                                                                                                                                                                                                                                                                                              ]
                                                                                                                                                                                                                                                                                                                                                                                                                            ]
                                                                                                                                                                                                                                                                                                                                                                                                                          ]
                                                                                                                                                                                                                                                                                                                                                                                                                        ]
                                                                                                                                                                                                                                                                                                                                                                                                                      ]
                                                                                                                                                                                                                                                                                                                                                                                                                    ]
                                                                                                                                                                                                                                                                                                                                                                                                                  ]
                                                                                                                                                                                                                                                                                                                                                                                                                ]
                                                                                                                                                                                                                                                                                                                                                                                                              ]
                                                                                                                                                                                                                                                                                                                                                                                                            ]
                                                                                                                                                                                                                                                                                                                                                                                                          ]
                                                                                                                                                                                                                                                                                                                                                                                                        ]
                                                                                                                                                                                                                                                                                                                                                                                                      ]
                                                                                                                                                                                                                                                                                                                                                                                                    ]
                                                                                                                                                                                                                                                                                                                                                                                                  ]
                                                                                                                                                                                                                                                                                                                                                                                                ]
                                                                                                                                                                                                                                                                                                                                                                                              ]
                                                                                                                                                                                                                                                                                                                                                                                            ]
                                                                                                                                                                                                                                                                                                                                                                                          ]
                                                                                                                                                                                                                                                                                                                                                                                        ]
                                                                                                                                                                                                                                                                                                                                                                                      ]
                                                                                                                                                                                                                                                                                                                                                                                    ]
                                                                                                                                                                                                                                                                                                                                                                                  ]
                                                                                                                                                                                                                                                                                                                                                                                ]
                                                                                                                                                                                                                                                                                                                                                                              ]
                                                                                                                                                                                                                                                                                                                                                                            ]
                                                                                                                                                                                                                                                                                                                                                                          ]
                                                                                                                                                                                                                                                                                                                                                                        ]
                                                                                                                                                                                                                                                                                                                                                                      ]
                                                                                                                                                                                                                                                                                                                                                                    ]
                                                                                                                                                                                                                                                                                                                                                                  ]
                                                                                                                                                                                                                                                                                                                                                                ]
                                                                                                                                                                                                                                                                                                                                                              ]
                                                                                                                                                                                                                                                                                                                                                            ]
                                                                                                                                                                                                                                                                                                                                                          ]
                                                                                                                                                                                                                                                                                                                                                        ]
                                                                                                                                                                                                                                                                                                                                                      ]
                                                                                                                                                                                                                                                                                                                                                    ]
                                                                                                                                                                                                                                                                                                                                                  ]
                                                                                                                                                                                                                                                                                                                                                ]
                                                                                                                                                                                                                                                                                                                                              ]
                                                                                                                                                                                                                                                                                                                                            ]
                                                                                                                                                                                                                                                                                                                                          ]
                                                                                                                                                                                                                                                                                                                                        ]
                                                                                                                                                                                                                                                                                                                                      ]
                                                                                                                                                                                                                                                                                                                                    ]
                                                                                                                                                                                                                                                                                                                                  ]
                                                                                                                                                                                                                                                                                                                                ]
                                                                                                                                                                                                                                                                                                                              ]
                                                                                                                                                                                                                                                                                                                            ]
                                                                                                                                                                                                                                                                                                                          ]
                                                                                                                                                                                                                                                                                                                        ]
                                                                                                                                                                                                                                                                                                                      ]
                                                                                                                                                                                                                                                                                                                    ]
                                                                                                                                                                                                                                                                                                                  ]
                                                                                                                                                                                                                                                                                                                ]
                                                                                                                                                                                                                                                                                                              ]
                                                                                                                                                                                                                                                                                                            ]
                                                                                                                                                                                                                                                                                                          ]
                                                                                                                                                                                                                                                                                                        ]
                                                                                                                                                                                                                                                                                                      ]
                                                                                                                                                                                                                                                                                                    ]
                                                                                                                                                                                                                                                                                                  ]
                                                                                                                                                                                                                                                                                                ]
                                                                                                                                                                                                                                                                                              ]
                                                                                                                                                                                                                                                                                            ]
                                                                                                                                                                                                                                                                                          ]
                                                                                                                                                                                                                                                                                        ]
                                                                                                                                                                                                                                                                                      ]
                                                                                                                                                                                                                                                                                    ]
                                                                                                                                                                                                                                                                                  ]
                                                                                                                                                                                                                                                                                ]
                                                                                                                                                                                                                                                                              ]
                                                                                                                                                                                                                                                                            ]
                                                                                                                                                                                                                                                                          ]
                                                                                                                                                                                                                                                                        ]
                                                                                                                                                                                                                                                                      ]
                                                                                                                                                                                                                                                                    ]
                                                                                                                                                                                                                                                                  ]
                                                                                                                                                                                                                                                                ]
                                                                                                                                                                                                                                                              ]
                                                                                                                                                                                                                                                            ]
                                                                                                                                                                                                                                                          ]
                                                                                                                                                                                                                                                        ]
                                                                                                                                                                                                                                                      ]
                                                                                                                                                                                                                                                    ]
                                                                                                                                                                                                                                                  ]
                                                                                                                                                                                                                                                ]
                                                                                                                                                                                                                                              ]
                                                                                                                                                                                                                                            ]
                                                                                                                                                                                                                                          ]
                                                                                                                                                                                                                                        ]
                                                                                                                                                                                                                                      ]
                                                                                                                                                                                                                                    ]
                                                                                                                                                                                                                                  ]
                                                                                                                                                                                                                                ]
                                                                                                                                                                                                                              ]
                                                                                                                                                                                                                            ]
                                                                                                                                                                                                                          ]
                                                                                                                                                                                                                        ]
                                                                                                                                                                                                                      ]
                                                                                                                                                                                                                    ]
                                                                                                                                                                                                                  ]
                                                                                                                                                                                                                ]
                                                                                                                                                                                                              ]
                                                                                                                                                                                                            ]
                                                                                                                                                                                                          ]
                                                                                                                                                                                                        ]
                                                                                                                                                                                                      ]
                                                                                                                                                                                                    ]
                                                                                                                                                                                                  ]
                                                                                                                                                                                                ]
                                                                                                                                                                                              ]
                                                                                                                                                                                            ]
                                                                                                                                                                                          ]
                                                                                                                                                                                        ]
                                                                                                                                                                                      ]
                                                                                                                                                                                    ]
                                                                                                                                                                                  ]
                                                                                                                                                                                ]
                                                                                                                                                                              ]
                                                                                                                                                                            ]
                                                                                                                                                                          ]
                                                                                                                                                                        ]
                                                                                                                                                                      ]
                                                                                                                                                                    ]
                                                                                                                                                                  ]
                                                                                                                                                                ]
                                                                                                                                                              ]
                                                                                                                                                            ]
                                                                                                                                                          ]
                                                                                                                                                        ]
                                                                                                                                                      ]
                                                                                                                                                    ]
                                                                                                                                                  ]
                                                                                                                                                ]
                                                                                                                                              ]
                                                                                                                                            ]
                                                                                                                                          ]
                                                                                                                                        ]
                                                                                                                                      ]
                                                                                                                                    ]
                                                                                                                                  ]
                                                                                                                                ]
                                                                                                                              ]
                                                                                                                            ]
                                                                                                                          ]
                                                                                                                        ]
                                                                                                                      ]
                                                                                                                    ]
                                                                                                                  ]
                                                                                                                ]
                                                                                                              ]
                                                                                                            ]
                                                                                                          ]
                                                                                                        ]
                                                                                                      ]
                                                                                                    ]
                                                                                                  ]
                                                                                                ]
                                                                                              ]
                                                                                            ]
                                                                                          ]
                                                                                        ]
                                                                                      ]
                                                                                    ]
                                                                                  ]
                                                                                ]
                                                                              ]
                                                                            ]
                                                                          ]
                                                                        ]
                                                                      ]
                                                                    ]
                                                                  ]
                                                                ]
                                                              ]
                                                            ]
                                                          ]
                                                        ]
                                                      ]
                                                    ]
                                                  ]
                                                ]
                                              ]
                                            ]
                                          ]
                                        ]
                                      ]
                                    ]
                                  ]
                                ]
                              ]
                            ]
                          ]
                        ]
                      ]
                    ]
                  ]
                ]
              ]
            ]
          ]
        ]
      ]
    ]
  ]
]
